{
    "welcome": {
        "title": "به کشمون خوش آمدید"
    },
    "login": {
        "exit": "خروج از حساب کاربری",
        "alert": "لطفا وارد حساب کاربری شوید",
        "login": "ورود",
        "placeholder-name" : "نام خود را وارد کنید",
        "placeholder-email" : "ایمیل خود را وارد کنید"
    },
    "basket": {
        "image" : "عکس",
        "id" : "آیدی",
        "qty" : "تعداد",
        "price" : "قیمت",
        "remove" : "حذف",
        "total" : "مجموع",
        "discount" : "کد تخفیف",
        "push" : "اعمال کد",
        "final" : "مبلغ نهایی",
        "empty" : "خالی کردن سبد خرید"
    },
    "basketDemo": {
        "image" : "عکس",
        "qty" : "تعداد",
        "price" : "قیمت"
    },
    "product": {
        "id" : "آیدی",
        "weight" : "وزن",
        "price" : "قیمت",
        "buy" : "خرید"
    },
    "productCard": {
        "id" : "آیدی",
        "type" : "نوع محصول",
        "name" : "نام",
        "weight" : "وزن",
        "price" : "قیمت",
        "saffron" : "زعفران",
        "details" : "مشاهده"
    },
    "navbar": {
        "basket" : "سبد خرید",
        "about-us" : "درباره ما",
        "login" : "ورود",
        "listing" : "محصولات"
    },
    "about": {
        "title": "درباره ما",
        "description" : "کشمون یک بازار آنلاینه که شما بتونین، کشاورزها و زنبوردارهای منتخب رو پیدا کنین، باهاشون ارتباط داشته باشین و محصولاتشون رو بخرین. همه محصولات شناسنامه دار هستن و تیم کنترل کیفیت کشمون هم ناظر بر کیفیت محصولاته."
    }
}