[{
  "id": 1,
  "product_type": 0,
  "product_thumb_url": "http://dummyimage.com/200x200.jpg/5fa2dd/ffffff",
  "product_name": "زعفران",
  "farmer_name": "Hughie Villiers",
  "farmer_thumb": "http://dummyimage.com/100x100.jpg/5fa2dd/ffffff",
  "weight": 1,
  "price": 77261,
  "organic_fertilizer": true,
  "quality_score": 233,
  "chemical_afatkosh": false,
  "quantity" : 0
}, {
  "id": 2,
  "product_type": 0,
  "product_thumb_url": "http://dummyimage.com/200x200.jpg/dddddd/000000",
  "product_name": "زعفران",
  "farmer_name": "Bennett Salzburg",
  "farmer_thumb": "http://dummyimage.com/100x100.jpg/ff4444/ffffff",
  "weight": 2,
  "price": 66450,
  "organic_fertilizer": false,
  "quality_score": 241,
  "chemical_afatkosh": false,
  "quantity" : 0
}, {
  "id": 3,
  "product_type": 0,
  "product_thumb_url": "http://dummyimage.com/200x200.bmp/ff4444/ffffff",
  "product_name": "زعفران",
  "farmer_name": "Carlota Sellar",
  "farmer_thumb": "http://dummyimage.com/100x100.png/5fa2dd/ffffff",
  "weight": 2,
  "price": 107132,
  "organic_fertilizer": false,
  "quality_score": 242,
  "chemical_afatkosh": true,
  "quantity" : 0
}, {
  "id": 4,
  "product_type": 0,
  "product_thumb_url": "http://dummyimage.com/200x200.bmp/cc0000/ffffff",
  "product_name": "زعفران",
  "farmer_name": "Zuzana Snewin",
  "farmer_thumb": "http://dummyimage.com/100x100.jpg/cc0000/ffffff",
  "weight": 3,
  "price": 108379,
  "organic_fertilizer": false,
  "quality_score": 243,
  "chemical_afatkosh": true,
  "quantity" : 0
}, {
  "id": 5,
  "product_type": 0,
  "product_thumb_url": "http://dummyimage.com/200x200.bmp/dddddd/000000",
  "product_name": "زعفران",
  "farmer_name": "Manya Ouldred",
  "farmer_thumb": "http://dummyimage.com/100x100.png/dddddd/000000",
  "weight": 3,
  "price": 100957,
  "organic_fertilizer": true,
  "quality_score": 248,
  "chemical_afatkosh": false,
  "quantity" : 0
}, {
  "id": 6,
  "product_type": 0,
  "product_thumb_url": "http://dummyimage.com/200x200.bmp/5fa2dd/ffffff",
  "product_name": "زعفران",
  "farmer_name": "Harris Duffrie",
  "farmer_thumb": "http://dummyimage.com/100x100.png/5fa2dd/ffffff",
  "weight": 3,
  "price": 67993,
  "organic_fertilizer": false,
  "quality_score": 220,
  "chemical_afatkosh": true,
  "quantity" : 0
}, {
  "id": 7,
  "product_type": 0,
  "product_thumb_url": "http://dummyimage.com/200x200.bmp/ff4444/ffffff",
  "product_name": "زعفران",
  "farmer_name": "Annabel Torrese",
  "farmer_thumb": "http://dummyimage.com/100x100.jpg/cc0000/ffffff",
  "weight": 2,
  "price": 90035,
  "organic_fertilizer": false,
  "quality_score": 229,
  "chemical_afatkosh": false,
  "quantity" : 0
}, {
  "id": 8,
  "product_type": 0,
  "product_thumb_url": "http://dummyimage.com/200x200.bmp/cc0000/ffffff",
  "product_name": "زعفران",
  "farmer_name": "Peg Jaram",
  "farmer_thumb": "http://dummyimage.com/100x100.png/5fa2dd/ffffff",
  "weight": 3,
  "price": 64509,
  "organic_fertilizer": true,
  "quality_score": 238,
  "chemical_afatkosh": false,
  "quantity" : 0
}, {
  "id": 9,
  "product_type": 0,
  "product_thumb_url": "http://dummyimage.com/200x200.png/cc0000/ffffff",
  "product_name": "زعفران",
  "farmer_name": "Johnathon McCaughran",
  "farmer_thumb": "http://dummyimage.com/100x100.jpg/ff4444/ffffff",
  "weight": 1,
  "price": 115533,
  "organic_fertilizer": true,
  "quality_score": 224,
  "chemical_afatkosh": true,
  "quantity" : 0
}, {
  "id": 10,
  "product_type": 0,
  "product_thumb_url": "http://dummyimage.com/200x200.jpg/ff4444/ffffff",
  "product_name": "زعفران",
  "farmer_name": "Jesus Yushkov",
  "farmer_thumb": "http://dummyimage.com/100x100.jpg/dddddd/000000",
  "weight": 3,
  "price": 72120,
  "organic_fertilizer": false,
  "quality_score": 228,
  "chemical_afatkosh": true,
  "quantity" : 0
}, {
  "id": 11,
  "product_type": 0,
  "product_thumb_url": "http://dummyimage.com/200x200.jpg/5fa2dd/ffffff",
  "product_name": "زعفران",
  "farmer_name": "Cletus Bartels-Ellis",
  "farmer_thumb": "http://dummyimage.com/100x100.png/dddddd/000000",
  "weight": 3,
  "price": 92313,
  "organic_fertilizer": true,
  "quality_score": 232,
  "chemical_afatkosh": false,
  "quantity" : 0
}, {
  "id": 12,
  "product_type": 0,
  "product_thumb_url": "http://dummyimage.com/200x200.jpg/cc0000/ffffff",
  "product_name": "زعفران",
  "farmer_name": "Kipp Antrim",
  "farmer_thumb": "http://dummyimage.com/100x100.jpg/dddddd/000000",
  "weight": 3,
  "price": 115657,
  "organic_fertilizer": false,
  "quality_score": 242,
  "chemical_afatkosh": false,
  "quantity" : 0
}, {
  "id": 13,
  "product_type": 0,
  "product_thumb_url": "http://dummyimage.com/200x200.png/5fa2dd/ffffff",
  "product_name": "زعفران",
  "farmer_name": "Gregorius Staveley",
  "farmer_thumb": "http://dummyimage.com/100x100.jpg/5fa2dd/ffffff",
  "weight": 1,
  "price": 118900,
  "organic_fertilizer": true,
  "quality_score": 241,
  "chemical_afatkosh": true,
  "quantity" : 0
}, {
  "id": 14,
  "product_type": 0,
  "product_thumb_url": "http://dummyimage.com/200x200.bmp/5fa2dd/ffffff",
  "product_name": "زعفران",
  "farmer_name": "Brinn Blonfield",
  "farmer_thumb": "http://dummyimage.com/100x100.png/cc0000/ffffff",
  "weight": 1,
  "price": 118890,
  "organic_fertilizer": true,
  "quality_score": 238,
  "chemical_afatkosh": false,
  "quantity" : 0
}, {
  "id": 15,
  "product_type": 0,
  "product_thumb_url": "http://dummyimage.com/200x200.bmp/ff4444/ffffff",
  "product_name": "زعفران",
  "farmer_name": "Caleb Kalisch",
  "farmer_thumb": "http://dummyimage.com/100x100.bmp/5fa2dd/ffffff",
  "weight": 3,
  "price": 106621,
  "organic_fertilizer": true,
  "quality_score": 247,
  "chemical_afatkosh": false,
  "quantity" : 0
}, {
  "id": 16,
  "product_type": 0,
  "product_thumb_url": "http://dummyimage.com/200x200.png/cc0000/ffffff",
  "product_name": "زعفران",
  "farmer_name": "Pansy Hemshall",
  "farmer_thumb": "http://dummyimage.com/100x100.bmp/ff4444/ffffff",
  "weight": 3,
  "price": 111057,
  "organic_fertilizer": true,
  "quality_score": 236,
  "chemical_afatkosh": true,
  "quantity" : 0
}, {
  "id": 17,
  "product_type": 0,
  "product_thumb_url": "http://dummyimage.com/200x200.png/cc0000/ffffff",
  "product_name": "زعفران",
  "farmer_name": "Guthry Elbourne",
  "farmer_thumb": "http://dummyimage.com/100x100.bmp/ff4444/ffffff",
  "weight": 1,
  "price": 92937,
  "organic_fertilizer": false,
  "quality_score": 241,
  "chemical_afatkosh": false,
  "quantity" : 0
}, {
  "id": 18,
  "product_type": 0,
  "product_thumb_url": "http://dummyimage.com/200x200.bmp/5fa2dd/ffffff",
  "product_name": "زعفران",
  "farmer_name": "Pavlov Brim",
  "farmer_thumb": "http://dummyimage.com/100x100.png/ff4444/ffffff",
  "weight": 3,
  "price": 70895,
  "organic_fertilizer": true,
  "quality_score": 246,
  "chemical_afatkosh": true,
  "quantity" : 0
}, {
  "id": 19,
  "product_type": 0,
  "product_thumb_url": "http://dummyimage.com/200x200.jpg/5fa2dd/ffffff",
  "product_name": "زعفران",
  "farmer_name": "Sorcha Piercy",
  "farmer_thumb": "http://dummyimage.com/100x100.png/ff4444/ffffff",
  "weight": 1,
  "price": 88068,
  "organic_fertilizer": false,
  "quality_score": 220,
  "chemical_afatkosh": true,
  "quantity" : 0
}, {
  "id": 20,
  "product_type": 0,
  "product_thumb_url": "http://dummyimage.com/200x200.jpg/cc0000/ffffff",
  "product_name": "زعفران",
  "farmer_name": "Berthe Mattisson",
  "farmer_thumb": "http://dummyimage.com/100x100.bmp/ff4444/ffffff",
  "weight": 3,
  "price": 94974,
  "organic_fertilizer": false,
  "quality_score": 233,
  "chemical_afatkosh": false,
  "quantity" : 0
}, {
  "id": 21,
  "product_type": 0,
  "product_thumb_url": "http://dummyimage.com/200x200.jpg/cc0000/ffffff",
  "product_name": "زعفران",
  "farmer_name": "Abigael Zotto",
  "farmer_thumb": "http://dummyimage.com/100x100.bmp/cc0000/ffffff",
  "weight": 1,
  "price": 112904,
  "organic_fertilizer": true,
  "quality_score": 227,
  "chemical_afatkosh": false,
  "quantity" : 0
}, {
  "id": 22,
  "product_type": 0,
  "product_thumb_url": "http://dummyimage.com/200x200.bmp/5fa2dd/ffffff",
  "product_name": "زعفران",
  "farmer_name": "Gran Curreen",
  "farmer_thumb": "http://dummyimage.com/100x100.jpg/cc0000/ffffff",
  "weight": 3,
  "price": 94632,
  "organic_fertilizer": true,
  "quality_score": 238,
  "chemical_afatkosh": false,
  "quantity" : 0
}, {
  "id": 23,
  "product_type": 0,
  "product_thumb_url": "http://dummyimage.com/200x200.png/ff4444/ffffff",
  "product_name": "زعفران",
  "farmer_name": "Aaron Brunsdon",
  "farmer_thumb": "http://dummyimage.com/100x100.bmp/dddddd/000000",
  "weight": 1,
  "price": 73595,
  "organic_fertilizer": true,
  "quality_score": 237,
  "chemical_afatkosh": false,
  "quantity" : 0
}, {
  "id": 24,
  "product_type": 0,
  "product_thumb_url": "http://dummyimage.com/200x200.bmp/ff4444/ffffff",
  "product_name": "زعفران",
  "farmer_name": "Nahum Rolstone",
  "farmer_thumb": "http://dummyimage.com/100x100.bmp/5fa2dd/ffffff",
  "weight": 2,
  "price": 84007,
  "organic_fertilizer": false,
  "quality_score": 238,
  "chemical_afatkosh": true,
  "quantity" : 0
}, {
  "id": 25,
  "product_type": 0,
  "product_thumb_url": "http://dummyimage.com/200x200.png/ff4444/ffffff",
  "product_name": "زعفران",
  "farmer_name": "Elsi Philippon",
  "farmer_thumb": "http://dummyimage.com/100x100.bmp/5fa2dd/ffffff",
  "weight": 2,
  "price": 74672,
  "organic_fertilizer": true,
  "quality_score": 224,
  "chemical_afatkosh": false,
  "quantity" : 0
}, {
  "id": 26,
  "product_type": 0,
  "product_thumb_url": "http://dummyimage.com/200x200.bmp/cc0000/ffffff",
  "product_name": "زعفران",
  "farmer_name": "Reinwald Sherington",
  "farmer_thumb": "http://dummyimage.com/100x100.png/dddddd/000000",
  "weight": 3,
  "price": 92145,
  "organic_fertilizer": true,
  "quality_score": 243,
  "chemical_afatkosh": true,
  "quantity" : 0
}, {
  "id": 27,
  "product_type": 0,
  "product_thumb_url": "http://dummyimage.com/200x200.jpg/ff4444/ffffff",
  "product_name": "زعفران",
  "farmer_name": "Greta Bewick",
  "farmer_thumb": "http://dummyimage.com/100x100.png/ff4444/ffffff",
  "weight": 2,
  "price": 60772,
  "organic_fertilizer": true,
  "quality_score": 242,
  "chemical_afatkosh": true,
  "quantity" : 0
}, {
  "id": 28,
  "product_type": 0,
  "product_thumb_url": "http://dummyimage.com/200x200.jpg/dddddd/000000",
  "product_name": "زعفران",
  "farmer_name": "Bowie Friar",
  "farmer_thumb": "http://dummyimage.com/100x100.jpg/5fa2dd/ffffff",
  "weight": 1,
  "price": 102004,
  "organic_fertilizer": false,
  "quality_score": 223,
  "chemical_afatkosh": false,
  "quantity" : 0
}, {
  "id": 29,
  "product_type": 0,
  "product_thumb_url": "http://dummyimage.com/200x200.bmp/cc0000/ffffff",
  "product_name": "زعفران",
  "farmer_name": "Gordan Father",
  "farmer_thumb": "http://dummyimage.com/100x100.jpg/cc0000/ffffff",
  "weight": 1,
  "price": 96187,
  "organic_fertilizer": false,
  "quality_score": 244,
  "chemical_afatkosh": true,
  "quantity" : 0
}, {
  "id": 30,
  "product_type": 0,
  "product_thumb_url": "http://dummyimage.com/200x200.bmp/5fa2dd/ffffff",
  "product_name": "زعفران",
  "farmer_name": "Horace Dearnley",
  "farmer_thumb": "http://dummyimage.com/100x100.jpg/dddddd/000000",
  "weight": 3,
  "price": 78257,
  "organic_fertilizer": true,
  "quality_score": 242,
  "chemical_afatkosh": false,
  "quantity" : 0
}, {
  "id": 31,
  "product_type": 0,
  "product_thumb_url": "http://dummyimage.com/200x200.jpg/ff4444/ffffff",
  "product_name": "زعفران",
  "farmer_name": "Ulysses Burney",
  "farmer_thumb": "http://dummyimage.com/100x100.jpg/5fa2dd/ffffff",
  "weight": 2,
  "price": 85963,
  "organic_fertilizer": false,
  "quality_score": 223,
  "chemical_afatkosh": false,
  "quantity" : 0
}, {
  "id": 32,
  "product_type": 0,
  "product_thumb_url": "http://dummyimage.com/200x200.bmp/5fa2dd/ffffff",
  "product_name": "زعفران",
  "farmer_name": "Rickard Giacomucci",
  "farmer_thumb": "http://dummyimage.com/100x100.png/ff4444/ffffff",
  "weight": 1,
  "price": 85767,
  "organic_fertilizer": true,
  "quality_score": 220,
  "chemical_afatkosh": true,
  "quantity" : 0
}, {
  "id": 33,
  "product_type": 0,
  "product_thumb_url": "http://dummyimage.com/200x200.bmp/ff4444/ffffff",
  "product_name": "زعفران",
  "farmer_name": "Roanne Drissell",
  "farmer_thumb": "http://dummyimage.com/100x100.jpg/cc0000/ffffff",
  "weight": 3,
  "price": 82515,
  "organic_fertilizer": true,
  "quality_score": 229,
  "chemical_afatkosh": false,
  "quantity" : 0
}, {
  "id": 34,
  "product_type": 0,
  "product_thumb_url": "http://dummyimage.com/200x200.jpg/ff4444/ffffff",
  "product_name": "زعفران",
  "farmer_name": "Ephraim Towriss",
  "farmer_thumb": "http://dummyimage.com/100x100.jpg/5fa2dd/ffffff",
  "weight": 3,
  "price": 78264,
  "organic_fertilizer": false,
  "quality_score": 235,
  "chemical_afatkosh": true,
  "quantity" : 0
}, {
  "id": 35,
  "product_type": 0,
  "product_thumb_url": "http://dummyimage.com/200x200.bmp/ff4444/ffffff",
  "product_name": "زعفران",
  "farmer_name": "Cammy Crannach",
  "farmer_thumb": "http://dummyimage.com/100x100.png/cc0000/ffffff",
  "weight": 1,
  "price": 63237,
  "organic_fertilizer": true,
  "quality_score": 232,
  "chemical_afatkosh": true,
  "quantity" : 0
}, {
  "id": 36,
  "product_type": 0,
  "product_thumb_url": "http://dummyimage.com/200x200.png/cc0000/ffffff",
  "product_name": "زعفران",
  "farmer_name": "Nevins Barkly",
  "farmer_thumb": "http://dummyimage.com/100x100.bmp/5fa2dd/ffffff",
  "weight": 1,
  "price": 70863,
  "organic_fertilizer": true,
  "quality_score": 249,
  "chemical_afatkosh": false,
  "quantity" : 0
}, {
  "id": 37,
  "product_type": 0,
  "product_thumb_url": "http://dummyimage.com/200x200.png/dddddd/000000",
  "product_name": "زعفران",
  "farmer_name": "Filide Softley",
  "farmer_thumb": "http://dummyimage.com/100x100.png/cc0000/ffffff",
  "weight": 3,
  "price": 86261,
  "organic_fertilizer": true,
  "quality_score": 222,
  "chemical_afatkosh": false,
  "quantity" : 0
}, {
  "id": 38,
  "product_type": 0,
  "product_thumb_url": "http://dummyimage.com/200x200.bmp/5fa2dd/ffffff",
  "product_name": "زعفران",
  "farmer_name": "Pepi Barnicott",
  "farmer_thumb": "http://dummyimage.com/100x100.jpg/ff4444/ffffff",
  "weight": 3,
  "price": 97668,
  "organic_fertilizer": true,
  "quality_score": 229,
  "chemical_afatkosh": false,
  "quantity" : 0
}, {
  "id": 39,
  "product_type": 0,
  "product_thumb_url": "http://dummyimage.com/200x200.jpg/dddddd/000000",
  "product_name": "زعفران",
  "farmer_name": "Kin Camber",
  "farmer_thumb": "http://dummyimage.com/100x100.jpg/dddddd/000000",
  "weight": 1,
  "price": 70662,
  "organic_fertilizer": true,
  "quality_score": 242,
  "chemical_afatkosh": true,
  "quantity" : 0
}, {
  "id": 40,
  "product_type": 0,
  "product_thumb_url": "http://dummyimage.com/200x200.jpg/5fa2dd/ffffff",
  "product_name": "زعفران",
  "farmer_name": "Ignazio Jacqueminet",
  "farmer_thumb": "http://dummyimage.com/100x100.bmp/ff4444/ffffff",
  "weight": 2,
  "price": 63515,
  "organic_fertilizer": false,
  "quality_score": 246,
  "chemical_afatkosh": true,
  "quantity" : 0
}, {
  "id": 41,
  "product_type": 0,
  "product_thumb_url": "http://dummyimage.com/200x200.bmp/cc0000/ffffff",
  "product_name": "زعفران",
  "farmer_name": "Annnora Harteley",
  "farmer_thumb": "http://dummyimage.com/100x100.bmp/dddddd/000000",
  "weight": 3,
  "price": 100390,
  "organic_fertilizer": true,
  "quality_score": 245,
  "chemical_afatkosh": false,
  "quantity" : 0
}, {
  "id": 42,
  "product_type": 0,
  "product_thumb_url": "http://dummyimage.com/200x200.bmp/5fa2dd/ffffff",
  "product_name": "زعفران",
  "farmer_name": "Lynnet Phippin",
  "farmer_thumb": "http://dummyimage.com/100x100.jpg/5fa2dd/ffffff",
  "weight": 2,
  "price": 108083,
  "organic_fertilizer": true,
  "quality_score": 223,
  "chemical_afatkosh": true,
  "quantity" : 0
}, {
  "id": 43,
  "product_type": 0,
  "product_thumb_url": "http://dummyimage.com/200x200.png/ff4444/ffffff",
  "product_name": "زعفران",
  "farmer_name": "Cristian Batchan",
  "farmer_thumb": "http://dummyimage.com/100x100.bmp/ff4444/ffffff",
  "weight": 2,
  "price": 60013,
  "organic_fertilizer": false,
  "quality_score": 235,
  "chemical_afatkosh": true,
  "quantity" : 0
}, {
  "id": 44,
  "product_type": 0,
  "product_thumb_url": "http://dummyimage.com/200x200.jpg/dddddd/000000",
  "product_name": "زعفران",
  "farmer_name": "Jessica Kell",
  "farmer_thumb": "http://dummyimage.com/100x100.bmp/dddddd/000000",
  "weight": 3,
  "price": 81841,
  "organic_fertilizer": false,
  "quality_score": 222,
  "chemical_afatkosh": false,
  "quantity" : 0
}, {
  "id": 45,
  "product_type": 0,
  "product_thumb_url": "http://dummyimage.com/200x200.jpg/ff4444/ffffff",
  "product_name": "زعفران",
  "farmer_name": "Hymie Hayle",
  "farmer_thumb": "http://dummyimage.com/100x100.jpg/ff4444/ffffff",
  "weight": 1,
  "price": 67699,
  "organic_fertilizer": false,
  "quality_score": 243,
  "chemical_afatkosh": true,
  "quantity" : 0
}, {
  "id": 46,
  "product_type": 0,
  "product_thumb_url": "http://dummyimage.com/200x200.jpg/ff4444/ffffff",
  "product_name": "زعفران",
  "farmer_name": "Lee Pilsbury",
  "farmer_thumb": "http://dummyimage.com/100x100.png/cc0000/ffffff",
  "weight": 3,
  "price": 117578,
  "organic_fertilizer": true,
  "quality_score": 229,
  "chemical_afatkosh": true,
  "quantity" : 0
}, {
  "id": 47,
  "product_type": 0,
  "product_thumb_url": "http://dummyimage.com/200x200.png/5fa2dd/ffffff",
  "product_name": "زعفران",
  "farmer_name": "Arlee Graddon",
  "farmer_thumb": "http://dummyimage.com/100x100.bmp/ff4444/ffffff",
  "weight": 2,
  "price": 94936,
  "organic_fertilizer": true,
  "quality_score": 230,
  "chemical_afatkosh": true,
  "quantity" : 0
}, {
  "id": 48,
  "product_type": 0,
  "product_thumb_url": "http://dummyimage.com/200x200.bmp/ff4444/ffffff",
  "product_name": "زعفران",
  "farmer_name": "Jackelyn McGraith",
  "farmer_thumb": "http://dummyimage.com/100x100.bmp/dddddd/000000",
  "weight": 3,
  "price": 111550,
  "organic_fertilizer": true,
  "quality_score": 226,
  "chemical_afatkosh": false,
  "quantity" : 0
}, {
  "id": 49,
  "product_type": 0,
  "product_thumb_url": "http://dummyimage.com/200x200.jpg/ff4444/ffffff",
  "product_name": "زعفران",
  "farmer_name": "Essa Cargen",
  "farmer_thumb": "http://dummyimage.com/100x100.bmp/dddddd/000000",
  "weight": 1,
  "price": 88385,
  "organic_fertilizer": false,
  "quality_score": 247,
  "chemical_afatkosh": false,
  "quantity" : 0
}, {
  "id": 50,
  "product_type": 0,
  "product_thumb_url": "http://dummyimage.com/200x200.png/5fa2dd/ffffff",
  "product_name": "زعفران",
  "farmer_name": "Siegfried More",
  "farmer_thumb": "http://dummyimage.com/100x100.bmp/cc0000/ffffff",
  "weight": 1,
  "price": 91805,
  "organic_fertilizer": false,
  "quality_score": 231,
  "chemical_afatkosh": false,
  "quantity" : 0
}, {
  "id": 51,
  "product_type": 0,
  "product_thumb_url": "http://dummyimage.com/200x200.png/cc0000/ffffff",
  "product_name": "زعفران",
  "farmer_name": "Aridatha Veall",
  "farmer_thumb": "http://dummyimage.com/100x100.jpg/cc0000/ffffff",
  "weight": 2,
  "price": 64584,
  "organic_fertilizer": false,
  "quality_score": 221,
  "chemical_afatkosh": true,
  "quantity" : 0
}, {
  "id": 52,
  "product_type": 0,
  "product_thumb_url": "http://dummyimage.com/200x200.png/ff4444/ffffff",
  "product_name": "زعفران",
  "farmer_name": "Darnall Cropper",
  "farmer_thumb": "http://dummyimage.com/100x100.bmp/5fa2dd/ffffff",
  "weight": 3,
  "price": 95126,
  "organic_fertilizer": true,
  "quality_score": 225,
  "chemical_afatkosh": false,
  "quantity" : 0
}, {
  "id": 53,
  "product_type": 0,
  "product_thumb_url": "http://dummyimage.com/200x200.png/ff4444/ffffff",
  "product_name": "زعفران",
  "farmer_name": "Percy Jaggers",
  "farmer_thumb": "http://dummyimage.com/100x100.png/cc0000/ffffff",
  "weight": 2,
  "price": 89481,
  "organic_fertilizer": true,
  "quality_score": 229,
  "chemical_afatkosh": false,
  "quantity" : 0
}, {
  "id": 54,
  "product_type": 0,
  "product_thumb_url": "http://dummyimage.com/200x200.bmp/cc0000/ffffff",
  "product_name": "زعفران",
  "farmer_name": "Emalia Telfer",
  "farmer_thumb": "http://dummyimage.com/100x100.bmp/ff4444/ffffff",
  "weight": 3,
  "price": 93370,
  "organic_fertilizer": true,
  "quality_score": 231,
  "chemical_afatkosh": true,
  "quantity" : 0
}, {
  "id": 55,
  "product_type": 0,
  "product_thumb_url": "http://dummyimage.com/200x200.bmp/dddddd/000000",
  "product_name": "زعفران",
  "farmer_name": "Randolph Cheyne",
  "farmer_thumb": "http://dummyimage.com/100x100.bmp/5fa2dd/ffffff",
  "weight": 3,
  "price": 117985,
  "organic_fertilizer": true,
  "quality_score": 227,
  "chemical_afatkosh": false,
  "quantity" : 0
}, {
  "id": 56,
  "product_type": 0,
  "product_thumb_url": "http://dummyimage.com/200x200.jpg/ff4444/ffffff",
  "product_name": "زعفران",
  "farmer_name": "Corrianne De Ferrari",
  "farmer_thumb": "http://dummyimage.com/100x100.png/dddddd/000000",
  "weight": 1,
  "price": 71087,
  "organic_fertilizer": false,
  "quality_score": 246,
  "chemical_afatkosh": true,
  "quantity" : 0
}, {
  "id": 57,
  "product_type": 0,
  "product_thumb_url": "http://dummyimage.com/200x200.jpg/cc0000/ffffff",
  "product_name": "زعفران",
  "farmer_name": "Dietrich Lumley",
  "farmer_thumb": "http://dummyimage.com/100x100.bmp/ff4444/ffffff",
  "weight": 1,
  "price": 88590,
  "organic_fertilizer": true,
  "quality_score": 242,
  "chemical_afatkosh": false,
  "quantity" : 0
}, {
  "id": 58,
  "product_type": 0,
  "product_thumb_url": "http://dummyimage.com/200x200.png/ff4444/ffffff",
  "product_name": "زعفران",
  "farmer_name": "Zebulen Woolager",
  "farmer_thumb": "http://dummyimage.com/100x100.jpg/ff4444/ffffff",
  "weight": 3,
  "price": 84039,
  "organic_fertilizer": false,
  "quality_score": 222,
  "chemical_afatkosh": false,
  "quantity" : 0
}, {
  "id": 59,
  "product_type": 0,
  "product_thumb_url": "http://dummyimage.com/200x200.bmp/dddddd/000000",
  "product_name": "زعفران",
  "farmer_name": "Barnett Rennebeck",
  "farmer_thumb": "http://dummyimage.com/100x100.png/dddddd/000000",
  "weight": 3,
  "price": 70634,
  "organic_fertilizer": false,
  "quality_score": 250,
  "chemical_afatkosh": false,
  "quantity" : 0
}, {
  "id": 60,
  "product_type": 0,
  "product_thumb_url": "http://dummyimage.com/200x200.png/dddddd/000000",
  "product_name": "زعفران",
  "farmer_name": "Wash Tesoe",
  "farmer_thumb": "http://dummyimage.com/100x100.jpg/5fa2dd/ffffff",
  "weight": 1,
  "price": 83814,
  "organic_fertilizer": true,
  "quality_score": 245,
  "chemical_afatkosh": true,
  "quantity" : 0
}, {
  "id": 61,
  "product_type": 0,
  "product_thumb_url": "http://dummyimage.com/200x200.png/5fa2dd/ffffff",
  "product_name": "زعفران",
  "farmer_name": "Karel Munkley",
  "farmer_thumb": "http://dummyimage.com/100x100.bmp/dddddd/000000",
  "weight": 3,
  "price": 76936,
  "organic_fertilizer": true,
  "quality_score": 238,
  "chemical_afatkosh": true,
  "quantity" : 0
}, {
  "id": 62,
  "product_type": 0,
  "product_thumb_url": "http://dummyimage.com/200x200.jpg/5fa2dd/ffffff",
  "product_name": "زعفران",
  "farmer_name": "Electra Headley",
  "farmer_thumb": "http://dummyimage.com/100x100.png/ff4444/ffffff",
  "weight": 3,
  "price": 86441,
  "organic_fertilizer": false,
  "quality_score": 221,
  "chemical_afatkosh": false,
  "quantity" : 0
}, {
  "id": 63,
  "product_type": 0,
  "product_thumb_url": "http://dummyimage.com/200x200.png/ff4444/ffffff",
  "product_name": "زعفران",
  "farmer_name": "Hedvig Winterburn",
  "farmer_thumb": "http://dummyimage.com/100x100.bmp/5fa2dd/ffffff",
  "weight": 2,
  "price": 97480,
  "organic_fertilizer": false,
  "quality_score": 247,
  "chemical_afatkosh": true,
  "quantity" : 0
}, {
  "id": 64,
  "product_type": 0,
  "product_thumb_url": "http://dummyimage.com/200x200.jpg/dddddd/000000",
  "product_name": "زعفران",
  "farmer_name": "Shena Smaridge",
  "farmer_thumb": "http://dummyimage.com/100x100.png/ff4444/ffffff",
  "weight": 1,
  "price": 99917,
  "organic_fertilizer": false,
  "quality_score": 236,
  "chemical_afatkosh": false,
  "quantity" : 0
}, {
  "id": 65,
  "product_type": 0,
  "product_thumb_url": "http://dummyimage.com/200x200.bmp/dddddd/000000",
  "product_name": "زعفران",
  "farmer_name": "Roberto Iacovini",
  "farmer_thumb": "http://dummyimage.com/100x100.jpg/ff4444/ffffff",
  "weight": 2,
  "price": 76274,
  "organic_fertilizer": true,
  "quality_score": 224,
  "chemical_afatkosh": false,
  "quantity" : 0
}, {
  "id": 66,
  "product_type": 0,
  "product_thumb_url": "http://dummyimage.com/200x200.jpg/cc0000/ffffff",
  "product_name": "زعفران",
  "farmer_name": "Dunn Fulep",
  "farmer_thumb": "http://dummyimage.com/100x100.bmp/ff4444/ffffff",
  "weight": 2,
  "price": 96693,
  "organic_fertilizer": true,
  "quality_score": 231,
  "chemical_afatkosh": false,
  "quantity" : 0
}, {
  "id": 67,
  "product_type": 0,
  "product_thumb_url": "http://dummyimage.com/200x200.bmp/cc0000/ffffff",
  "product_name": "زعفران",
  "farmer_name": "Jeremy Klaas",
  "farmer_thumb": "http://dummyimage.com/100x100.png/5fa2dd/ffffff",
  "weight": 2,
  "price": 111019,
  "organic_fertilizer": false,
  "quality_score": 226,
  "chemical_afatkosh": true,
  "quantity" : 0
}, {
  "id": 68,
  "product_type": 0,
  "product_thumb_url": "http://dummyimage.com/200x200.jpg/cc0000/ffffff",
  "product_name": "زعفران",
  "farmer_name": "Evvy Couldwell",
  "farmer_thumb": "http://dummyimage.com/100x100.png/dddddd/000000",
  "weight": 3,
  "price": 105139,
  "organic_fertilizer": true,
  "quality_score": 229,
  "chemical_afatkosh": false,
  "quantity" : 0
}, {
  "id": 69,
  "product_type": 0,
  "product_thumb_url": "http://dummyimage.com/200x200.bmp/5fa2dd/ffffff",
  "product_name": "زعفران",
  "farmer_name": "Arlin Gensavage",
  "farmer_thumb": "http://dummyimage.com/100x100.jpg/5fa2dd/ffffff",
  "weight": 1,
  "price": 96079,
  "organic_fertilizer": false,
  "quality_score": 222,
  "chemical_afatkosh": true,
  "quantity" : 0
}, {
  "id": 70,
  "product_type": 0,
  "product_thumb_url": "http://dummyimage.com/200x200.png/5fa2dd/ffffff",
  "product_name": "زعفران",
  "farmer_name": "Roxine Broadhurst",
  "farmer_thumb": "http://dummyimage.com/100x100.png/5fa2dd/ffffff",
  "weight": 3,
  "price": 113656,
  "organic_fertilizer": true,
  "quality_score": 236,
  "chemical_afatkosh": false,
  "quantity" : 0
}, {
  "id": 71,
  "product_type": 0,
  "product_thumb_url": "http://dummyimage.com/200x200.png/ff4444/ffffff",
  "product_name": "زعفران",
  "farmer_name": "Frasier Render",
  "farmer_thumb": "http://dummyimage.com/100x100.png/5fa2dd/ffffff",
  "weight": 3,
  "price": 105328,
  "organic_fertilizer": true,
  "quality_score": 227,
  "chemical_afatkosh": true,
  "quantity" : 0
}, {
  "id": 72,
  "product_type": 0,
  "product_thumb_url": "http://dummyimage.com/200x200.jpg/dddddd/000000",
  "product_name": "زعفران",
  "farmer_name": "Benedetto Whitter",
  "farmer_thumb": "http://dummyimage.com/100x100.bmp/dddddd/000000",
  "weight": 2,
  "price": 82339,
  "organic_fertilizer": true,
  "quality_score": 237,
  "chemical_afatkosh": true,
  "quantity" : 0
}, {
  "id": 73,
  "product_type": 0,
  "product_thumb_url": "http://dummyimage.com/200x200.bmp/5fa2dd/ffffff",
  "product_name": "زعفران",
  "farmer_name": "Jennie Colisbe",
  "farmer_thumb": "http://dummyimage.com/100x100.jpg/5fa2dd/ffffff",
  "weight": 2,
  "price": 113339,
  "organic_fertilizer": false,
  "quality_score": 241,
  "chemical_afatkosh": true,
  "quantity" : 0
}, {
  "id": 74,
  "product_type": 0,
  "product_thumb_url": "http://dummyimage.com/200x200.png/5fa2dd/ffffff",
  "product_name": "زعفران",
  "farmer_name": "Etti Yakubovics",
  "farmer_thumb": "http://dummyimage.com/100x100.png/5fa2dd/ffffff",
  "weight": 2,
  "price": 81264,
  "organic_fertilizer": true,
  "quality_score": 238,
  "chemical_afatkosh": false,
  "quantity" : 0
}, {
  "id": 75,
  "product_type": 0,
  "product_thumb_url": "http://dummyimage.com/200x200.png/ff4444/ffffff",
  "product_name": "زعفران",
  "farmer_name": "Beltran Buckthorp",
  "farmer_thumb": "http://dummyimage.com/100x100.bmp/5fa2dd/ffffff",
  "weight": 2,
  "price": 75727,
  "organic_fertilizer": false,
  "quality_score": 235,
  "chemical_afatkosh": true,
  "quantity" : 0
}, {
  "id": 76,
  "product_type": 0,
  "product_thumb_url": "http://dummyimage.com/200x200.bmp/dddddd/000000",
  "product_name": "زعفران",
  "farmer_name": "Ransom Kear",
  "farmer_thumb": "http://dummyimage.com/100x100.bmp/5fa2dd/ffffff",
  "weight": 2,
  "price": 107107,
  "organic_fertilizer": true,
  "quality_score": 222,
  "chemical_afatkosh": false,
  "quantity" : 0
}, {
  "id": 77,
  "product_type": 0,
  "product_thumb_url": "http://dummyimage.com/200x200.png/cc0000/ffffff",
  "product_name": "زعفران",
  "farmer_name": "Germana McHugh",
  "farmer_thumb": "http://dummyimage.com/100x100.jpg/ff4444/ffffff",
  "weight": 3,
  "price": 88240,
  "organic_fertilizer": true,
  "quality_score": 244,
  "chemical_afatkosh": true,
  "quantity" : 0
}, {
  "id": 78,
  "product_type": 0,
  "product_thumb_url": "http://dummyimage.com/200x200.bmp/dddddd/000000",
  "product_name": "زعفران",
  "farmer_name": "Tedda Kusick",
  "farmer_thumb": "http://dummyimage.com/100x100.bmp/cc0000/ffffff",
  "weight": 2,
  "price": 107413,
  "organic_fertilizer": true,
  "quality_score": 230,
  "chemical_afatkosh": true,
  "quantity" : 0
}, {
  "id": 79,
  "product_type": 0,
  "product_thumb_url": "http://dummyimage.com/200x200.png/cc0000/ffffff",
  "product_name": "زعفران",
  "farmer_name": "Dennison Moiser",
  "farmer_thumb": "http://dummyimage.com/100x100.jpg/ff4444/ffffff",
  "weight": 3,
  "price": 77609,
  "organic_fertilizer": true,
  "quality_score": 236,
  "chemical_afatkosh": false,
  "quantity" : 0
}, {
  "id": 80,
  "product_type": 0,
  "product_thumb_url": "http://dummyimage.com/200x200.png/cc0000/ffffff",
  "product_name": "زعفران",
  "farmer_name": "Ronnica Lyfield",
  "farmer_thumb": "http://dummyimage.com/100x100.jpg/5fa2dd/ffffff",
  "weight": 1,
  "price": 69076,
  "organic_fertilizer": true,
  "quality_score": 246,
  "chemical_afatkosh": true,
  "quantity" : 0
}, {
  "id": 81,
  "product_type": 0,
  "product_thumb_url": "http://dummyimage.com/200x200.bmp/cc0000/ffffff",
  "product_name": "زعفران",
  "farmer_name": "Robinetta Battill",
  "farmer_thumb": "http://dummyimage.com/100x100.jpg/ff4444/ffffff",
  "weight": 2,
  "price": 79290,
  "organic_fertilizer": false,
  "quality_score": 226,
  "chemical_afatkosh": true,
  "quantity" : 0
}, {
  "id": 82,
  "product_type": 0,
  "product_thumb_url": "http://dummyimage.com/200x200.jpg/cc0000/ffffff",
  "product_name": "زعفران",
  "farmer_name": "Alyda Buttriss",
  "farmer_thumb": "http://dummyimage.com/100x100.png/ff4444/ffffff",
  "weight": 1,
  "price": 117634,
  "organic_fertilizer": true,
  "quality_score": 232,
  "chemical_afatkosh": false,
  "quantity" : 0
}, {
  "id": 83,
  "product_type": 0,
  "product_thumb_url": "http://dummyimage.com/200x200.bmp/cc0000/ffffff",
  "product_name": "زعفران",
  "farmer_name": "Hatti Barkley",
  "farmer_thumb": "http://dummyimage.com/100x100.jpg/ff4444/ffffff",
  "weight": 1,
  "price": 66126,
  "organic_fertilizer": false,
  "quality_score": 250,
  "chemical_afatkosh": true,
  "quantity" : 0
}, {
  "id": 84,
  "product_type": 0,
  "product_thumb_url": "http://dummyimage.com/200x200.jpg/cc0000/ffffff",
  "product_name": "زعفران",
  "farmer_name": "Zonda Stener",
  "farmer_thumb": "http://dummyimage.com/100x100.png/5fa2dd/ffffff",
  "weight": 3,
  "price": 110166,
  "organic_fertilizer": true,
  "quality_score": 230,
  "chemical_afatkosh": false,
  "quantity" : 0
}, {
  "id": 85,
  "product_type": 0,
  "product_thumb_url": "http://dummyimage.com/200x200.bmp/dddddd/000000",
  "product_name": "زعفران",
  "farmer_name": "Dena Lilleyman",
  "farmer_thumb": "http://dummyimage.com/100x100.bmp/5fa2dd/ffffff",
  "weight": 3,
  "price": 86412,
  "organic_fertilizer": false,
  "quality_score": 247,
  "chemical_afatkosh": true,
  "quantity" : 0
}, {
  "id": 86,
  "product_type": 0,
  "product_thumb_url": "http://dummyimage.com/200x200.bmp/cc0000/ffffff",
  "product_name": "زعفران",
  "farmer_name": "Les Giovannacc@i",
  "farmer_thumb": "http://dummyimage.com/100x100.png/ff4444/ffffff",
  "weight": 2,
  "price": 119958,
  "organic_fertilizer": true,
  "quality_score": 224,
  "chemical_afatkosh": true,
  "quantity" : 0
}, {
  "id": 87,
  "product_type": 0,
  "product_thumb_url": "http://dummyimage.com/200x200.jpg/cc0000/ffffff",
  "product_name": "زعفران",
  "farmer_name": "Dasha Horbart",
  "farmer_thumb": "http://dummyimage.com/100x100.bmp/cc0000/ffffff",
  "weight": 3,
  "price": 116473,
  "organic_fertilizer": true,
  "quality_score": 229,
  "chemical_afatkosh": true,
  "quantity" : 0
}, {
  "id": 88,
  "product_type": 0,
  "product_thumb_url": "http://dummyimage.com/200x200.png/dddddd/000000",
  "product_name": "زعفران",
  "farmer_name": "Marga Jackson",
  "farmer_thumb": "http://dummyimage.com/100x100.png/dddddd/000000",
  "weight": 2,
  "price": 91417,
  "organic_fertilizer": false,
  "quality_score": 229,
  "chemical_afatkosh": true,
  "quantity" : 0
}, {
  "id": 89,
  "product_type": 0,
  "product_thumb_url": "http://dummyimage.com/200x200.png/ff4444/ffffff",
  "product_name": "زعفران",
  "farmer_name": "Khalil Whewill",
  "farmer_thumb": "http://dummyimage.com/100x100.png/5fa2dd/ffffff",
  "weight": 3,
  "price": 115342,
  "organic_fertilizer": false,
  "quality_score": 227,
  "chemical_afatkosh": false,
  "quantity" : 0
}, {
  "id": 90,
  "product_type": 0,
  "product_thumb_url": "http://dummyimage.com/200x200.png/dddddd/000000",
  "product_name": "زعفران",
  "farmer_name": "Hector Jeffry",
  "farmer_thumb": "http://dummyimage.com/100x100.jpg/ff4444/ffffff",
  "weight": 2,
  "price": 62554,
  "organic_fertilizer": false,
  "quality_score": 233,
  "chemical_afatkosh": false,
  "quantity" : 0
}, {
  "id": 91,
  "product_type": 0,
  "product_thumb_url": "http://dummyimage.com/200x200.bmp/cc0000/ffffff",
  "product_name": "زعفران",
  "farmer_name": "Adam Abele",
  "farmer_thumb": "http://dummyimage.com/100x100.png/dddddd/000000",
  "weight": 1,
  "price": 110652,
  "organic_fertilizer": false,
  "quality_score": 248,
  "chemical_afatkosh": true,
  "quantity" : 0
}, {
  "id": 92,
  "product_type": 0,
  "product_thumb_url": "http://dummyimage.com/200x200.png/ff4444/ffffff",
  "product_name": "زعفران",
  "farmer_name": "Marsiella Tigwell",
  "farmer_thumb": "http://dummyimage.com/100x100.png/5fa2dd/ffffff",
  "weight": 2,
  "price": 112795,
  "organic_fertilizer": true,
  "quality_score": 221,
  "chemical_afatkosh": true,
  "quantity" : 0
}, {
  "id": 93,
  "product_type": 0,
  "product_thumb_url": "http://dummyimage.com/200x200.bmp/cc0000/ffffff",
  "product_name": "زعفران",
  "farmer_name": "Javier Bogeys",
  "farmer_thumb": "http://dummyimage.com/100x100.png/cc0000/ffffff",
  "weight": 3,
  "price": 96182,
  "organic_fertilizer": false,
  "quality_score": 229,
  "chemical_afatkosh": true,
  "quantity" : 0
}, {
  "id": 94,
  "product_type": 0,
  "product_thumb_url": "http://dummyimage.com/200x200.jpg/ff4444/ffffff",
  "product_name": "زعفران",
  "farmer_name": "Lennie Whetland",
  "farmer_thumb": "http://dummyimage.com/100x100.png/ff4444/ffffff",
  "weight": 2,
  "price": 119666,
  "organic_fertilizer": false,
  "quality_score": 240,
  "chemical_afatkosh": true,
  "quantity" : 0
}, {
  "id": 95,
  "product_type": 0,
  "product_thumb_url": "http://dummyimage.com/200x200.bmp/5fa2dd/ffffff",
  "product_name": "زعفران",
  "farmer_name": "Janeta Loffill",
  "farmer_thumb": "http://dummyimage.com/100x100.bmp/cc0000/ffffff",
  "weight": 1,
  "price": 71819,
  "organic_fertilizer": true,
  "quality_score": 220,
  "chemical_afatkosh": false,
  "quantity" : 0
}, {
  "id": 96,
  "product_type": 0,
  "product_thumb_url": "http://dummyimage.com/200x200.bmp/dddddd/000000",
  "product_name": "زعفران",
  "farmer_name": "Rivi Boulton",
  "farmer_thumb": "http://dummyimage.com/100x100.png/cc0000/ffffff",
  "weight": 1,
  "price": 94897,
  "organic_fertilizer": true,
  "quality_score": 236,
  "chemical_afatkosh": true,
  "quantity" : 0
}, {
  "id": 97,
  "product_type": 0,
  "product_thumb_url": "http://dummyimage.com/200x200.png/cc0000/ffffff",
  "product_name": "زعفران",
  "farmer_name": "Gunter Extal",
  "farmer_thumb": "http://dummyimage.com/100x100.bmp/cc0000/ffffff",
  "weight": 3,
  "price": 113325,
  "organic_fertilizer": true,
  "quality_score": 231,
  "chemical_afatkosh": true,
  "quantity" : 0
}, {
  "id": 98,
  "product_type": 0,
  "product_thumb_url": "http://dummyimage.com/200x200.png/cc0000/ffffff",
  "product_name": "زعفران",
  "farmer_name": "Frederica Iseton",
  "farmer_thumb": "http://dummyimage.com/100x100.png/dddddd/000000",
  "weight": 3,
  "price": 71825,
  "organic_fertilizer": true,
  "quality_score": 249,
  "chemical_afatkosh": false,
  "quantity" : 0
}, {
  "id": 99,
  "product_type": 0,
  "product_thumb_url": "http://dummyimage.com/200x200.bmp/cc0000/ffffff",
  "product_name": "زعفران",
  "farmer_name": "Shalom Wakefield",
  "farmer_thumb": "http://dummyimage.com/100x100.png/cc0000/ffffff",
  "weight": 1,
  "price": 86310,
  "organic_fertilizer": true,
  "quality_score": 228,
  "chemical_afatkosh": false,
  "quantity" : 0
}, {
  "id": 100,
  "product_type": 0,
  "product_thumb_url": "http://dummyimage.com/200x200.jpg/dddddd/000000",
  "product_name": "زعفران",
  "farmer_name": "Loise Dreier",
  "farmer_thumb": "http://dummyimage.com/100x100.jpg/cc0000/ffffff",
  "weight": 2,
  "price": 113910,
  "organic_fertilizer": true,
  "quality_score": 232,
  "chemical_afatkosh": true,
  "quantity" : 0
}]
